main	39256
main-tariffs	6536
main-news	6274
main-archive	5849
main-family	4863
main-digital	4224
main-bonus	3495
main-tariffs-news	1189
main-news-tariffs	1131
main-tariffs-archive	1037
main-news-archive	1002
main-archive-news	998
main-archive-tariffs	997
main-family-tariffs	922
main-news-family	919
main-tariffs-family	918
main-family-news	880
main-archive-family	818
main-news-digital	797
main-family-archive	775
main-tariffs-main	761
main-tariffs-digital	751
main-digital-news	748
main-digital-tariffs	722
main-archive-digital	720
main-spravka	708
main-news-main	686
main-digital-archive	683
main-tariffs-bonus	667
main-archive-main	617
